title,author,isbn,quantity
The Great Gatsby (1),F. Scott Fitzgerald,9780743273000,4
To Kill a Mockingbird (2),Harper Lee,9780061120001,8
1984 (3),George Orwell,9780451524002,8
Pride and Prejudice (4),Jane Austen,9780141040003,9
The Hobbit (5),J.R.R. Tolkien,9780547928004,3
The Catcher in the Rye (6),J.D. Salinger,9780316769005,7
The Alchemist (7),Paulo Coelho,9780062315006,4
Harry Potter and the Sorcerer's Stone (8),J.K. Rowling,9780590353007,1
The Lord of the Rings (9),J.R.R. Tolkien,9780618640008,6
The Da Vinci Code (10),Dan Brown,9780307474009,10
Jane Eyre (11),Charlotte Brontë,9780142437010,2
Brave New World (12),Aldous Huxley,9780060850011,5
The Book Thief (13),Markus Zusak,9780375842012,5
The Hunger Games (14),Suzanne Collins,9780439023013,4
The Fault in Our Stars (15),John Green,9780142424014,8
Gone Girl (16),Gillian Flynn,9780307588015,7
Memoirs of a Geisha (17),Arthur Golden,9780679781016,2
The Help (18),Kathryn Stockett,9780425232017,5
A Game of Thrones (19),George R.R. Martin,9780553593018,9
Life of Pi (20),Yann Martel,9780156027019,10
The Shining (21),Stephen King,9780307743020,7
Slaughterhouse-Five (22),Kurt Vonnegut,9780440180021,8
The Road (23),Cormac McCarthy,9780307387022,2
The Girl on the Train (24),Paula Hawkins,9781594634023,3
Water for Elephants (25),Sara Gruen,9781565125024,7
The Great Gatsby (26),F. Scott Fitzgerald,9780743273025,8
To Kill a Mockingbird (27),Harper Lee,9780061120026,1
1984 (28),George Orwell,9780451524027,9
Pride and Prejudice (29),Jane Austen,9780141040028,4
The Hobbit (30),J.R.R. Tolkien,9780547928029,4
The Catcher in the Rye (31),J.D. Salinger,9780316769030,7
The Alchemist (32),Paulo Coelho,9780062315031,2
Harry Potter and the Sorcerer's Stone (33),J.K. Rowling,9780590353032,4
The Lord of the Rings (34),J.R.R. Tolkien,9780618640033,7
The Da Vinci Code (35),Dan Brown,9780307474034,6
Jane Eyre (36),Charlotte Brontë,9780142437035,4
Brave New World (37),Aldous Huxley,9780060850036,6
The Book Thief (38),Markus Zusak,9780375842037,5
The Hunger Games (39),Suzanne Collins,9780439023038,2
The Fault in Our Stars (40),John Green,9780142424039,3
Gone Girl (41),Gillian Flynn,9780307588040,1
Memoirs of a Geisha (42),Arthur Golden,9780679781041,1
The Help (43),Kathryn Stockett,9780425232042,9
A Game of Thrones (44),George R.R. Martin,9780553593043,1
Life of Pi (45),Yann Martel,9780156027044,6
The Shining (46),Stephen King,9780307743045,10
Slaughterhouse-Five (47),Kurt Vonnegut,9780440180046,8
The Road (48),Cormac McCarthy,9780307387047,3
The Girl on the Train (49),Paula Hawkins,9781594634048,1
Water for Elephants (50),Sara Gruen,9781565125049,6
The Great Gatsby (51),F. Scott Fitzgerald,9780743273050,2
To Kill a Mockingbird (52),Harper Lee,9780061120051,4
1984 (53),George Orwell,9780451524052,7
Pride and Prejudice (54),Jane Austen,9780141040053,3
The Hobbit (55),J.R.R. Tolkien,9780547928054,1
The Catcher in the Rye (56),J.D. Salinger,9780316769055,6
The Alchemist (57),Paulo Coelho,9780062315056,7
Harry Potter and the Sorcerer's Stone (58),J.K. Rowling,9780590353057,1
The Lord of the Rings (59),J.R.R. Tolkien,9780618640058,9
The Da Vinci Code (60),Dan Brown,9780307474059,3
Jane Eyre (61),Charlotte Brontë,9780142437060,1
Brave New World (62),Aldous Huxley,9780060850061,10
The Book Thief (63),Markus Zusak,9780375842062,1
The Hunger Games (64),Suzanne Collins,9780439023063,9
The Fault in Our Stars (65),John Green,9780142424064,3
Gone Girl (66),Gillian Flynn,9780307588065,9
Memoirs of a Geisha (67),Arthur Golden,9780679781066,4
The Help (68),Kathryn Stockett,9780425232067,6
A Game of Thrones (69),George R.R. Martin,9780553593068,9
Life of Pi (70),Yann Martel,9780156027069,5
The Shining (71),Stephen King,9780307743070,10
Slaughterhouse-Five (72),Kurt Vonnegut,9780440180071,8
The Road (73),Cormac McCarthy,9780307387072,2
The Girl on the Train (74),Paula Hawkins,9781594634073,6
Water for Elephants (75),Sara Gruen,9781565125074,5
The Great Gatsby (76),F. Scott Fitzgerald,9780743273075,4
To Kill a Mockingbird (77),Harper Lee,9780061120076,4
1984 (78),George Orwell,9780451524077,8
Pride and Prejudice (79),Jane Austen,9780141040078,4
The Hobbit (80),J.R.R. Tolkien,9780547928079,7
The Catcher in the Rye (81),J.D. Salinger,9780316769080,5
The Alchemist (82),Paulo Coelho,9780062315081,6
Harry Potter and the Sorcerer's Stone (83),J.K. Rowling,9780590353082,8
The Lord of the Rings (84),J.R.R. Tolkien,9780618640083,1
The Da Vinci Code (85),Dan Brown,9780307474084,4
Jane Eyre (86),Charlotte Brontë,9780142437085,1
Brave New World (87),Aldous Huxley,9780060850086,1
The Book Thief (88),Markus Zusak,9780375842087,9
The Hunger Games (89),Suzanne Collins,9780439023088,1
The Fault in Our Stars (90),John Green,9780142424089,3
Gone Girl (91),Gillian Flynn,9780307588090,7
Memoirs of a Geisha (92),Arthur Golden,9780679781091,3
The Help (93),Kathryn Stockett,9780425232092,3
A Game of Thrones (94),George R.R. Martin,9780553593093,8
Life of Pi (95),Yann Martel,9780156027094,5
The Shining (96),Stephen King,9780307743095,8
Slaughterhouse-Five (97),Kurt Vonnegut,9780440180096,8
The Road (98),Cormac McCarthy,9780307387097,6
The Girl on the Train (99),Paula Hawkins,9781594634098,9
Water for Elephants (100),Sara Gruen,9781565125099,3
The Great Gatsby (101),F. Scott Fitzgerald,9780743273100,9
To Kill a Mockingbird (102),Harper Lee,9780061120101,2
1984 (103),George Orwell,9780451524102,7
Pride and Prejudice (104),Jane Austen,9780141040103,6
The Hobbit (105),J.R.R. Tolkien,9780547928104,9
The Catcher in the Rye (106),J.D. Salinger,9780316769105,6
The Alchemist (107),Paulo Coelho,9780062315106,9
Harry Potter and the Sorcerer's Stone (108),J.K. Rowling,9780590353107,4
The Lord of the Rings (109),J.R.R. Tolkien,9780618640108,8
The Da Vinci Code (110),Dan Brown,9780307474109,6
Jane Eyre (111),Charlotte Brontë,9780142437110,8
Brave New World (112),Aldous Huxley,9780060850111,1
The Book Thief (113),Markus Zusak,9780375842112,6
The Hunger Games (114),Suzanne Collins,9780439023113,8
The Fault in Our Stars (115),John Green,9780142424114,1
Gone Girl (116),Gillian Flynn,9780307588115,10
Memoirs of a Geisha (117),Arthur Golden,9780679781116,8
The Help (118),Kathryn Stockett,9780425232117,10
A Game of Thrones (119),George R.R. Martin,9780553593118,1
Life of Pi (120),Yann Martel,9780156027119,1
The Shining (121),Stephen King,9780307743120,10
Slaughterhouse-Five (122),Kurt Vonnegut,9780440180121,3
The Road (123),Cormac McCarthy,9780307387122,9
The Girl on the Train (124),Paula Hawkins,9781594634123,10
Water for Elephants (125),Sara Gruen,9781565125124,6
The Great Gatsby (126),F. Scott Fitzgerald,9780743273125,5
To Kill a Mockingbird (127),Harper Lee,9780061120126,4
1984 (128),George Orwell,9780451524127,6
Pride and Prejudice (129),Jane Austen,9780141040128,5
The Hobbit (130),J.R.R. Tolkien,9780547928129,9
The Catcher in the Rye (131),J.D. Salinger,9780316769130,3
The Alchemist (132),Paulo Coelho,9780062315131,10
Harry Potter and the Sorcerer's Stone (133),J.K. Rowling,9780590353132,9
The Lord of the Rings (134),J.R.R. Tolkien,9780618640133,10
The Da Vinci Code (135),Dan Brown,9780307474134,6
Jane Eyre (136),Charlotte Brontë,9780142437135,2
Brave New World (137),Aldous Huxley,9780060850136,2
The Book Thief (138),Markus Zusak,9780375842137,5
The Hunger Games (139),Suzanne Collins,9780439023138,5
The Fault in Our Stars (140),John Green,9780142424139,10
Gone Girl (141),Gillian Flynn,9780307588140,8
Memoirs of a Geisha (142),Arthur Golden,9780679781141,10
The Help (143),Kathryn Stockett,9780425232142,5
A Game of Thrones (144),George R.R. Martin,9780553593143,5
Life of Pi (145),Yann Martel,9780156027144,5
The Shining (146),Stephen King,9780307743145,7
Slaughterhouse-Five (147),Kurt Vonnegut,9780440180146,3
The Road (148),Cormac McCarthy,9780307387147,1
The Girl on the Train (149),Paula Hawkins,9781594634148,9
Water for Elephants (150),Sara Gruen,9781565125149,1
The Great Gatsby (151),F. Scott Fitzgerald,9780743273150,8
To Kill a Mockingbird (152),Harper Lee,9780061120151,1
1984 (153),George Orwell,9780451524152,4
Pride and Prejudice (154),Jane Austen,9780141040153,3
The Hobbit (155),J.R.R. Tolkien,9780547928154,9
The Catcher in the Rye (156),J.D. Salinger,9780316769155,8
The Alchemist (157),Paulo Coelho,9780062315156,4
Harry Potter and the Sorcerer's Stone (158),J.K. Rowling,9780590353157,10
The Lord of the Rings (159),J.R.R. Tolkien,9780618640158,1
The Da Vinci Code (160),Dan Brown,9780307474159,10
Jane Eyre (161),Charlotte Brontë,9780142437160,9
Brave New World (162),Aldous Huxley,9780060850161,10
The Book Thief (163),Markus Zusak,9780375842162,5
The Hunger Games (164),Suzanne Collins,9780439023163,9
The Fault in Our Stars (165),John Green,9780142424164,7
Gone Girl (166),Gillian Flynn,9780307588165,1
Memoirs of a Geisha (167),Arthur Golden,9780679781166,6
The Help (168),Kathryn Stockett,9780425232167,10
A Game of Thrones (169),George R.R. Martin,9780553593168,1
Life of Pi (170),Yann Martel,9780156027169,1
The Shining (171),Stephen King,9780307743170,5
Slaughterhouse-Five (172),Kurt Vonnegut,9780440180171,3
The Road (173),Cormac McCarthy,9780307387172,4
The Girl on the Train (174),Paula Hawkins,9781594634173,3
Water for Elephants (175),Sara Gruen,9781565125174,9
The Great Gatsby (176),F. Scott Fitzgerald,9780743273175,9
To Kill a Mockingbird (177),Harper Lee,9780061120176,9
1984 (178),George Orwell,9780451524177,9
Pride and Prejudice (179),Jane Austen,9780141040178,8
The Hobbit (180),J.R.R. Tolkien,9780547928179,2
The Catcher in the Rye (181),J.D. Salinger,9780316769180,6
The Alchemist (182),Paulo Coelho,9780062315181,2
Harry Potter and the Sorcerer's Stone (183),J.K. Rowling,9780590353182,7
The Lord of the Rings (184),J.R.R. Tolkien,9780618640183,3
The Da Vinci Code (185),Dan Brown,9780307474184,2
Jane Eyre (186),Charlotte Brontë,9780142437185,9
Brave New World (187),Aldous Huxley,9780060850186,7
The Book Thief (188),Markus Zusak,9780375842187,9
The Hunger Games (189),Suzanne Collins,9780439023188,3
The Fault in Our Stars (190),John Green,9780142424189,10
Gone Girl (191),Gillian Flynn,9780307588190,10
Memoirs of a Geisha (192),Arthur Golden,9780679781191,1
The Help (193),Kathryn Stockett,9780425232192,8
A Game of Thrones (194),George R.R. Martin,9780553593193,6
Life of Pi (195),Yann Martel,9780156027194,6
The Shining (196),Stephen King,9780307743195,5
Slaughterhouse-Five (197),Kurt Vonnegut,9780440180196,4
The Road (198),Cormac McCarthy,9780307387197,8
The Girl on the Train (199),Paula Hawkins,9781594634198,8
Water for Elephants (200),Sara Gruen,9781565125199,6
The Great Gatsby (201),F. Scott Fitzgerald,9780743273200,9
To Kill a Mockingbird (202),Harper Lee,9780061120201,5
1984 (203),George Orwell,9780451524202,9
Pride and Prejudice (204),Jane Austen,9780141040203,6
The Hobbit (205),J.R.R. Tolkien,9780547928204,1
The Catcher in the Rye (206),J.D. Salinger,9780316769205,6
The Alchemist (207),Paulo Coelho,9780062315206,3
Harry Potter and the Sorcerer's Stone (208),J.K. Rowling,9780590353207,7
The Lord of the Rings (209),J.R.R. Tolkien,9780618640208,3
The Da Vinci Code (210),Dan Brown,9780307474209,8
Jane Eyre (211),Charlotte Brontë,9780142437210,9
Brave New World (212),Aldous Huxley,9780060850211,8
The Book Thief (213),Markus Zusak,9780375842212,1
The Hunger Games (214),Suzanne Collins,9780439023213,3
The Fault in Our Stars (215),John Green,9780142424214,10
Gone Girl (216),Gillian Flynn,9780307588215,9
Memoirs of a Geisha (217),Arthur Golden,9780679781216,3
The Help (218),Kathryn Stockett,9780425232217,5
A Game of Thrones (219),George R.R. Martin,9780553593218,9
Life of Pi (220),Yann Martel,9780156027219,10
The Shining (221),Stephen King,9780307743220,10
Slaughterhouse-Five (222),Kurt Vonnegut,9780440180221,2
The Road (223),Cormac McCarthy,9780307387222,5
The Girl on the Train (224),Paula Hawkins,9781594634223,4
Water for Elephants (225),Sara Gruen,9781565125224,1
The Great Gatsby (226),F. Scott Fitzgerald,9780743273225,1
To Kill a Mockingbird (227),Harper Lee,9780061120226,2
1984 (228),George Orwell,9780451524227,2
Pride and Prejudice (229),Jane Austen,9780141040228,3
The Hobbit (230),J.R.R. Tolkien,9780547928229,8
The Catcher in the Rye (231),J.D. Salinger,9780316769230,8
The Alchemist (232),Paulo Coelho,9780062315231,5
Harry Potter and the Sorcerer's Stone (233),J.K. Rowling,9780590353232,9
The Lord of the Rings (234),J.R.R. Tolkien,9780618640233,8
The Da Vinci Code (235),Dan Brown,9780307474234,10
Jane Eyre (236),Charlotte Brontë,9780142437235,3
Brave New World (237),Aldous Huxley,9780060850236,5
The Book Thief (238),Markus Zusak,9780375842237,2
The Hunger Games (239),Suzanne Collins,9780439023238,6
The Fault in Our Stars (240),John Green,9780142424239,7
Gone Girl (241),Gillian Flynn,9780307588240,8
Memoirs of a Geisha (242),Arthur Golden,9780679781241,2
The Help (243),Kathryn Stockett,9780425232242,8
A Game of Thrones (244),George R.R. Martin,9780553593243,3
Life of Pi (245),Yann Martel,9780156027244,5
The Shining (246),Stephen King,9780307743245,5
Slaughterhouse-Five (247),Kurt Vonnegut,9780440180246,7
The Road (248),Cormac McCarthy,9780307387247,4
The Girl on the Train (249),Paula Hawkins,9781594634248,3
Water for Elephants (250),Sara Gruen,9781565125249,8
The Great Gatsby (251),F. Scott Fitzgerald,9780743273250,5
To Kill a Mockingbird (252),Harper Lee,9780061120251,6
1984 (253),George Orwell,9780451524252,4
Pride and Prejudice (254),Jane Austen,9780141040253,5
The Hobbit (255),J.R.R. Tolkien,9780547928254,7
The Catcher in the Rye (256),J.D. Salinger,9780316769255,2
The Alchemist (257),Paulo Coelho,9780062315256,8
Harry Potter and the Sorcerer's Stone (258),J.K. Rowling,9780590353257,1
The Lord of the Rings (259),J.R.R. Tolkien,9780618640258,3
The Da Vinci Code (260),Dan Brown,9780307474259,6
Jane Eyre (261),Charlotte Brontë,9780142437260,7
Brave New World (262),Aldous Huxley,9780060850261,1
The Book Thief (263),Markus Zusak,9780375842262,2
The Hunger Games (264),Suzanne Collins,9780439023263,6
The Fault in Our Stars (265),John Green,9780142424264,1
Gone Girl (266),Gillian Flynn,9780307588265,1
Memoirs of a Geisha (267),Arthur Golden,9780679781266,9
The Help (268),Kathryn Stockett,9780425232267,10
A Game of Thrones (269),George R.R. Martin,9780553593268,2
Life of Pi (270),Yann Martel,9780156027269,4
The Shining (271),Stephen King,9780307743270,2
Slaughterhouse-Five (272),Kurt Vonnegut,9780440180271,1
The Road (273),Cormac McCarthy,9780307387272,6
The Girl on the Train (274),Paula Hawkins,9781594634273,6
Water for Elephants (275),Sara Gruen,9781565125274,5
The Great Gatsby (276),F. Scott Fitzgerald,9780743273275,6
To Kill a Mockingbird (277),Harper Lee,9780061120276,5
1984 (278),George Orwell,9780451524277,5
Pride and Prejudice (279),Jane Austen,9780141040278,4
The Hobbit (280),J.R.R. Tolkien,9780547928279,10
The Catcher in the Rye (281),J.D. Salinger,9780316769280,6
The Alchemist (282),Paulo Coelho,9780062315281,4
Harry Potter and the Sorcerer's Stone (283),J.K. Rowling,9780590353282,3
The Lord of the Rings (284),J.R.R. Tolkien,9780618640283,6
The Da Vinci Code (285),Dan Brown,9780307474284,7
Jane Eyre (286),Charlotte Brontë,9780142437285,5
Brave New World (287),Aldous Huxley,9780060850286,2
The Book Thief (288),Markus Zusak,9780375842287,9
The Hunger Games (289),Suzanne Collins,9780439023288,5
The Fault in Our Stars (290),John Green,9780142424289,1
Gone Girl (291),Gillian Flynn,9780307588290,4
Memoirs of a Geisha (292),Arthur Golden,9780679781291,6
The Help (293),Kathryn Stockett,9780425232292,6
A Game of Thrones (294),George R.R. Martin,9780553593293,8
Life of Pi (295),Yann Martel,9780156027294,8
The Shining (296),Stephen King,9780307743295,3
Slaughterhouse-Five (297),Kurt Vonnegut,9780440180296,7
The Road (298),Cormac McCarthy,9780307387297,9
The Girl on the Train (299),Paula Hawkins,9781594634298,3
Water for Elephants (300),Sara Gruen,9781565125299,8
The Great Gatsby (301),F. Scott Fitzgerald,9780743273300,10
To Kill a Mockingbird (302),Harper Lee,9780061120301,7
1984 (303),George Orwell,9780451524302,2
Pride and Prejudice (304),Jane Austen,9780141040303,10
The Hobbit (305),J.R.R. Tolkien,9780547928304,9
The Catcher in the Rye (306),J.D. Salinger,9780316769305,9
The Alchemist (307),Paulo Coelho,9780062315306,3
Harry Potter and the Sorcerer's Stone (308),J.K. Rowling,9780590353307,5
The Lord of the Rings (309),J.R.R. Tolkien,9780618640308,1
The Da Vinci Code (310),Dan Brown,9780307474309,4
Jane Eyre (311),Charlotte Brontë,9780142437310,3
Brave New World (312),Aldous Huxley,9780060850311,1
The Book Thief (313),Markus Zusak,9780375842312,10
The Hunger Games (314),Suzanne Collins,9780439023313,2
The Fault in Our Stars (315),John Green,9780142424314,3
Gone Girl (316),Gillian Flynn,9780307588315,1
Memoirs of a Geisha (317),Arthur Golden,9780679781316,3
The Help (318),Kathryn Stockett,9780425232317,6
A Game of Thrones (319),George R.R. Martin,9780553593318,10
Life of Pi (320),Yann Martel,9780156027319,2
The Shining (321),Stephen King,9780307743320,7
Slaughterhouse-Five (322),Kurt Vonnegut,9780440180321,4
The Road (323),Cormac McCarthy,9780307387322,9
The Girl on the Train (324),Paula Hawkins,9781594634323,2
Water for Elephants (325),Sara Gruen,9781565125324,8
The Great Gatsby (326),F. Scott Fitzgerald,9780743273325,2
To Kill a Mockingbird (327),Harper Lee,9780061120326,2
1984 (328),George Orwell,9780451524327,3
Pride and Prejudice (329),Jane Austen,9780141040328,8
The Hobbit (330),J.R.R. Tolkien,9780547928329,2
The Catcher in the Rye (331),J.D. Salinger,9780316769330,6
The Alchemist (332),Paulo Coelho,9780062315331,5
Harry Potter and the Sorcerer's Stone (333),J.K. Rowling,9780590353332,1
The Lord of the Rings (334),J.R.R. Tolkien,9780618640333,2
The Da Vinci Code (335),Dan Brown,9780307474334,5
Jane Eyre (336),Charlotte Brontë,9780142437335,10
Brave New World (337),Aldous Huxley,9780060850336,10
The Book Thief (338),Markus Zusak,9780375842337,4
The Hunger Games (339),Suzanne Collins,9780439023338,6
The Fault in Our Stars (340),John Green,9780142424339,6
Gone Girl (341),Gillian Flynn,9780307588340,6
Memoirs of a Geisha (342),Arthur Golden,9780679781341,1
The Help (343),Kathryn Stockett,9780425232342,1
A Game of Thrones (344),George R.R. Martin,9780553593343,7
Life of Pi (345),Yann Martel,9780156027344,4
The Shining (346),Stephen King,9780307743345,1
Slaughterhouse-Five (347),Kurt Vonnegut,9780440180346,3
The Road (348),Cormac McCarthy,9780307387347,4
The Girl on the Train (349),Paula Hawkins,9781594634348,6
Water for Elephants (350),Sara Gruen,9781565125349,3
The Great Gatsby (351),F. Scott Fitzgerald,9780743273350,5
To Kill a Mockingbird (352),Harper Lee,9780061120351,2
1984 (353),George Orwell,9780451524352,8
Pride and Prejudice (354),Jane Austen,9780141040353,3
The Hobbit (355),J.R.R. Tolkien,9780547928354,1
The Catcher in the Rye (356),J.D. Salinger,9780316769355,3
The Alchemist (357),Paulo Coelho,9780062315356,7
Harry Potter and the Sorcerer's Stone (358),J.K. Rowling,9780590353357,8
The Lord of the Rings (359),J.R.R. Tolkien,9780618640358,1
The Da Vinci Code (360),Dan Brown,9780307474359,8
Jane Eyre (361),Charlotte Brontë,9780142437360,3
Brave New World (362),Aldous Huxley,9780060850361,2
The Book Thief (363),Markus Zusak,9780375842362,1
The Hunger Games (364),Suzanne Collins,9780439023363,10
The Fault in Our Stars (365),John Green,9780142424364,7
Gone Girl (366),Gillian Flynn,9780307588365,2
Memoirs of a Geisha (367),Arthur Golden,9780679781366,4
The Help (368),Kathryn Stockett,9780425232367,7
A Game of Thrones (369),George R.R. Martin,9780553593368,5
Life of Pi (370),Yann Martel,9780156027369,9
The Shining (371),Stephen King,9780307743370,2
Slaughterhouse-Five (372),Kurt Vonnegut,9780440180371,10
The Road (373),Cormac McCarthy,9780307387372,5
The Girl on the Train (374),Paula Hawkins,9781594634373,10
Water for Elephants (375),Sara Gruen,9781565125374,4
The Great Gatsby (376),F. Scott Fitzgerald,9780743273375,8
To Kill a Mockingbird (377),Harper Lee,9780061120376,9
1984 (378),George Orwell,9780451524377,9
Pride and Prejudice (379),Jane Austen,9780141040378,7
The Hobbit (380),J.R.R. Tolkien,9780547928379,9
The Catcher in the Rye (381),J.D. Salinger,9780316769380,6
The Alchemist (382),Paulo Coelho,9780062315381,5
Harry Potter and the Sorcerer's Stone (383),J.K. Rowling,9780590353382,6
The Lord of the Rings (384),J.R.R. Tolkien,9780618640383,5
The Da Vinci Code (385),Dan Brown,9780307474384,7
Jane Eyre (386),Charlotte Brontë,9780142437385,9
Brave New World (387),Aldous Huxley,9780060850386,3
The Book Thief (388),Markus Zusak,9780375842387,2
The Hunger Games (389),Suzanne Collins,9780439023388,3
The Fault in Our Stars (390),John Green,9780142424389,8
Gone Girl (391),Gillian Flynn,9780307588390,8
Memoirs of a Geisha (392),Arthur Golden,9780679781391,4
The Help (393),Kathryn Stockett,9780425232392,10
A Game of Thrones (394),George R.R. Martin,9780553593393,1
Life of Pi (395),Yann Martel,9780156027394,2
The Shining (396),Stephen King,9780307743395,7
Slaughterhouse-Five (397),Kurt Vonnegut,9780440180396,4
The Road (398),Cormac McCarthy,9780307387397,3
The Girl on the Train (399),Paula Hawkins,9781594634398,1
Water for Elephants (400),Sara Gruen,9781565125399,6
The Great Gatsby (401),F. Scott Fitzgerald,9780743273400,1
To Kill a Mockingbird (402),Harper Lee,9780061120401,7
1984 (403),George Orwell,9780451524402,2
Pride and Prejudice (404),Jane Austen,9780141040403,7
The Hobbit (405),J.R.R. Tolkien,9780547928404,4
The Catcher in the Rye (406),J.D. Salinger,9780316769405,10
The Alchemist (407),Paulo Coelho,9780062315406,10
Harry Potter and the Sorcerer's Stone (408),J.K. Rowling,9780590353407,9
The Lord of the Rings (409),J.R.R. Tolkien,9780618640408,2
The Da Vinci Code (410),Dan Brown,9780307474409,7
Jane Eyre (411),Charlotte Brontë,9780142437410,8
Brave New World (412),Aldous Huxley,9780060850411,6
The Book Thief (413),Markus Zusak,9780375842412,3
The Hunger Games (414),Suzanne Collins,9780439023413,1
The Fault in Our Stars (415),John Green,9780142424414,10
Gone Girl (416),Gillian Flynn,9780307588415,6
Memoirs of a Geisha (417),Arthur Golden,9780679781416,6
The Help (418),Kathryn Stockett,9780425232417,9
A Game of Thrones (419),George R.R. Martin,9780553593418,9
Life of Pi (420),Yann Martel,9780156027419,1
The Shining (421),Stephen King,9780307743420,1
Slaughterhouse-Five (422),Kurt Vonnegut,9780440180421,5
The Road (423),Cormac McCarthy,9780307387422,6
The Girl on the Train (424),Paula Hawkins,9781594634423,6
Water for Elephants (425),Sara Gruen,9781565125424,7
The Great Gatsby (426),F. Scott Fitzgerald,9780743273425,3
To Kill a Mockingbird (427),Harper Lee,9780061120426,2
1984 (428),George Orwell,9780451524427,2
Pride and Prejudice (429),Jane Austen,9780141040428,9
The Hobbit (430),J.R.R. Tolkien,9780547928429,5
The Catcher in the Rye (431),J.D. Salinger,9780316769430,6
The Alchemist (432),Paulo Coelho,9780062315431,10
Harry Potter and the Sorcerer's Stone (433),J.K. Rowling,9780590353432,7
The Lord of the Rings (434),J.R.R. Tolkien,9780618640433,6
The Da Vinci Code (435),Dan Brown,9780307474434,6
Jane Eyre (436),Charlotte Brontë,9780142437435,9
Brave New World (437),Aldous Huxley,9780060850436,7
The Book Thief (438),Markus Zusak,9780375842437,3
The Hunger Games (439),Suzanne Collins,9780439023438,7
The Fault in Our Stars (440),John Green,9780142424439,9
Gone Girl (441),Gillian Flynn,9780307588440,3
Memoirs of a Geisha (442),Arthur Golden,9780679781441,8
The Help (443),Kathryn Stockett,9780425232442,4
A Game of Thrones (444),George R.R. Martin,9780553593443,8
Life of Pi (445),Yann Martel,9780156027444,1
The Shining (446),Stephen King,9780307743445,9
Slaughterhouse-Five (447),Kurt Vonnegut,9780440180446,4
The Road (448),Cormac McCarthy,9780307387447,6
The Girl on the Train (449),Paula Hawkins,9781594634448,10
Water for Elephants (450),Sara Gruen,9781565125449,8
The Great Gatsby (451),F. Scott Fitzgerald,9780743273450,2
To Kill a Mockingbird (452),Harper Lee,9780061120451,9
1984 (453),George Orwell,9780451524452,3
Pride and Prejudice (454),Jane Austen,9780141040453,5
The Hobbit (455),J.R.R. Tolkien,9780547928454,4
The Catcher in the Rye (456),J.D. Salinger,9780316769455,3
The Alchemist (457),Paulo Coelho,9780062315456,1
Harry Potter and the Sorcerer's Stone (458),J.K. Rowling,9780590353457,5
The Lord of the Rings (459),J.R.R. Tolkien,9780618640458,7
The Da Vinci Code (460),Dan Brown,9780307474459,3
Jane Eyre (461),Charlotte Brontë,9780142437460,2
Brave New World (462),Aldous Huxley,9780060850461,4
The Book Thief (463),Markus Zusak,9780375842462,9
The Hunger Games (464),Suzanne Collins,9780439023463,8
The Fault in Our Stars (465),John Green,9780142424464,4
Gone Girl (466),Gillian Flynn,9780307588465,7
Memoirs of a Geisha (467),Arthur Golden,9780679781466,6
The Help (468),Kathryn Stockett,9780425232467,4
A Game of Thrones (469),George R.R. Martin,9780553593468,10
Life of Pi (470),Yann Martel,9780156027469,8
The Shining (471),Stephen King,9780307743470,3
Slaughterhouse-Five (472),Kurt Vonnegut,9780440180471,4
The Road (473),Cormac McCarthy,9780307387472,3
The Girl on the Train (474),Paula Hawkins,9781594634473,5
Water for Elephants (475),Sara Gruen,9781565125474,3
The Great Gatsby (476),F. Scott Fitzgerald,9780743273475,5
To Kill a Mockingbird (477),Harper Lee,9780061120476,4
1984 (478),George Orwell,9780451524477,8
Pride and Prejudice (479),Jane Austen,9780141040478,5
The Hobbit (480),J.R.R. Tolkien,9780547928479,4
The Catcher in the Rye (481),J.D. Salinger,9780316769480,8
The Alchemist (482),Paulo Coelho,9780062315481,1
Harry Potter and the Sorcerer's Stone (483),J.K. Rowling,9780590353482,5
The Lord of the Rings (484),J.R.R. Tolkien,9780618640483,6
The Da Vinci Code (485),Dan Brown,9780307474484,8
Jane Eyre (486),Charlotte Brontë,9780142437485,9
Brave New World (487),Aldous Huxley,9780060850486,2
The Book Thief (488),Markus Zusak,9780375842487,10
The Hunger Games (489),Suzanne Collins,9780439023488,9
The Fault in Our Stars (490),John Green,9780142424489,9
Gone Girl (491),Gillian Flynn,9780307588490,10
Memoirs of a Geisha (492),Arthur Golden,9780679781491,1
The Help (493),Kathryn Stockett,9780425232492,5
A Game of Thrones (494),George R.R. Martin,9780553593493,3
Life of Pi (495),Yann Martel,9780156027494,2
The Shining (496),Stephen King,9780307743495,6
Slaughterhouse-Five (497),Kurt Vonnegut,9780440180496,10
The Road (498),Cormac McCarthy,9780307387497,1
The Girl on the Train (499),Paula Hawkins,9781594634498,10
Water for Elephants (500),Sara Gruen,9781565125499,2
